2.727179296144705223e+00,3.977417958641373374e+00
1.689431067112140417e-01,2.226646926956940276e-01
3.437386060183836189e+00,1.396932803615328345e+00
-3.619808839061872032e-03,1.175845192608257817e+00
8.285336154581023349e-01,9.675246864990607598e-01
-1.573400877718389879e+00,-9.024458902817050765e-01
2.976682388219042519e+00,-8.781466218377379507e-01
-3.423317349125465370e+00,-1.001502847999418133e-01
1.282100329843635533e+00,4.708454477790223192e-01
1.449312335612373159e+00,1.488467998513232748e+00
1.464518733300926412e+00,1.992051619813391516e+00
1.174535993283078339e+00,8.613870032682748867e-01
-2.367117756972769271e+00,1.861456160485968736e+00
8.415858417343824449e-01,-1.235446166993326919e-02
-1.329684468488229632e+00,-1.145794884467682628e+00
2.872538657988153998e-01,1.844614431537625332e-01
2.309879578861025795e+00,-5.489273688725239408e-02
-6.105902269203650201e-01,8.098115881626709589e-01
-1.607345989741850945e+00,-1.715486601827658442e+00
1.546288465152654501e+00,-8.779959861936039722e-01
6.275852552165386289e-01,-6.672422917114615437e-01
1.759865752001857908e-01,1.204325214173693981e+00
3.841416466955781317e+00,2.273527962359031207e+00
3.467223442605929407e+00,-7.816378057345870767e-01
3.808594404965252700e+00,3.880334405289251887e+00
-3.346038042425697689e+00,-3.298234239527459533e+00
-3.076634352058473243e-01,-2.015290028915276643e+00
-1.623677130949534031e-01,-5.236830749609611146e-01
2.895298148154295426e+00,3.813125635307663686e-01
2.799697599272206627e+00,1.952616688310967019e+00
-9.711337827473022211e-01,3.951123552573658770e-01
2.113149115253715848e+00,-5.534954152441992070e-01
2.689263650131824779e+00,2.738999538181853932e+00
2.171376199404970730e+00,-1.556661351462003129e+00
1.890553691919426016e-01,9.839366842654118095e-02
1.443106615304595719e+00,-2.782497170272308917e-01
1.592415795387475796e+00,1.425337332765729270e+00
-7.630823892469983383e-01,-3.286154081084521117e+00
-4.049913960165529847e-01,4.028202651956176994e-01
5.111517941235785401e+00,3.934843360685867264e+00
-4.402956829640780612e+00,-3.357565472683115004e+00
5.069802380261370089e-01,-9.039169692765504083e-01
-2.965484782973894923e-02,-3.196429226039088078e-02
4.705211175309671923e+00,1.307350247702994128e+00
-3.945829710239078802e-01,1.452492291722114803e+00
-2.802949401196361823e-01,-2.756501632032550275e-01
-1.320065224427171557e+00,-1.458087789955998526e+00
-2.540279639305972559e+00,-1.738872134178231221e-01
3.474163524204016973e-01,-5.383036234141244103e-01
2.788305982492780277e+00,4.271991945330062990e+00
-4.482078612739999635e+00,-2.914049736028738291e+00
-3.218815370011606003e+00,5.021430350985590235e-02
-2.012267151313441860e-01,-3.265157654739935800e-01
-6.094473002286158181e-01,-2.099399114178596815e+00
-6.542007880445180334e-02,-1.675250382512079250e+00
-1.944405525170850968e+00,-1.131220549075558496e-01
-4.505453823748065467e+00,-2.985716348944074561e+00
1.232020203823135152e+00,-1.858600483797252734e+00
-1.189961356144427773e-01,9.551025322658813765e-01
3.405030132142195409e+00,4.128760977090162321e+00
3.496596249000273104e+00,3.314846576663285305e+00
1.851887711958258576e-01,3.136912207761374249e-01
-1.228840594447689671e+00,-1.457141454684106163e+00
1.112378478114955938e-01,-3.260358862887847708e-01
4.632890510689563257e+00,1.187939692362965705e+00
-4.572899557758034916e+00,-4.044711624847458609e+00
-5.864009573212720206e+00,-2.318594992076347783e+00
4.105949272534112460e+00,1.198127366808671823e+00
1.210024688699159467e+00,-8.088089777295028038e-02
-2.670634360094065407e+00,1.325725890608829838e+00
-5.043441304065256148e+00,-2.999496322880888410e+00
-9.019118783304714837e-01,-8.380422587375832011e-01
-4.110967720159639960e+00,-2.169401811006556269e+00
6.215674130990536117e-01,1.539127827510050339e-01
4.917851726222203013e+00,6.406355973668629300e-01
-3.919397632235274820e+00,-2.699490824537529310e+00
-1.289195341009128803e+00,-4.018418532900305706e+00
1.992835302637249839e+00,4.980178523120707967e-01
3.947651440498099351e+00,3.528098249688785604e+00
2.579141720239740199e+00,3.205384372785338609e+00
1.580653519971532139e-01,7.387087016838966846e-01
-2.704362664084611456e+00,-1.059704458409992833e+00
-6.191148079312428498e-01,-1.877550486143922115e-01
-4.934733031963950967e-01,-8.263349515936312395e-01
3.629925634004351309e+00,2.926583844057134343e+00
2.034922382481968994e-01,2.366074234396885537e-02
-2.467007414143757682e+00,-2.695402475309732981e+00
-5.256658404325955658e+00,-4.737970553259043704e+00
1.012032891101024124e+00,-8.003189100784047216e-01
1.290042735001635688e+00,-1.060653046119732101e+00
1.016258319057556481e+00,1.291501529873051446e+00
-9.153277250126776732e-01,-6.544697026470740475e-01
1.037270680820332691e+00,-1.480237274704965800e-01
-2.194711348170346632e+00,5.484611864486812483e-01
-1.610560758479884225e+00,-2.718650130036503576e+00
-2.296542820405136354e-01,1.825206307743124090e-01
2.114715184161763073e+00,2.532293043713215397e+00
-6.269445904547001014e+00,-3.278570704038766159e+00
3.274713987350715616e+00,3.866949675464497194e+00
-4.960815883688914241e+00,-2.335168077845674262e+00
1.991353941223855895e+00,-3.197420245550652296e-01
-1.002365184848825530e+00,-1.836268113318298312e+00
5.058372148311477412e-01,4.311003646800665168e-01
2.196844916742481502e+00,3.762556553704630602e+00
-4.490665190458810407e+00,-4.885062704635894981e+00
3.332642326369325669e+00,1.927686437286141308e+00
-3.119347119911474397e+00,-1.823814351807352407e+00
1.077232157564718129e+00,1.181574524393760178e-01
1.777220884698861969e+00,7.856755344760872894e-01
-1.148155175819177698e+00,2.498125854455969463e+00
-2.240374701675006630e+00,-1.547077433633405441e+00
7.923179170080575651e-02,3.427279251043286942e-03
9.750663981751025999e-02,5.279359935962920497e-02
-2.088256257818790207e+00,1.579247012235062142e+00
-1.170646114276683747e+00,-2.978834503722702198e+00
1.640873938466963056e+00,3.736171285302358314e+00
-5.311941623498541709e-01,1.771349774527595011e+00
1.112520976837845899e+00,-1.630290825889195272e+00
-1.530178692516556360e+00,-3.269106704699098032e+00
-1.741626003404327383e-01,-3.326604271633569754e-01
-2.131316885508331982e+00,8.332938877260708255e-01
4.500980506474146381e+00,8.079498144869522169e-02
-1.160158062715132221e+00,4.860012479740944968e-01
1.477987772760593621e-01,2.728637837824721135e-01
2.152025210730065474e+00,-9.938797184860939105e-01
1.658410515672971375e+00,1.667344922153074283e+00
3.851386120038703176e+00,4.471602258942555252e+00
3.792731014142119328e+00,4.327291637995764439e+00
1.489163366194856453e+00,4.534660927260343866e-01
-7.377895458544162510e-01,8.906255260941270402e-01
3.607144228442899614e+00,4.440440240583972020e+00
-2.906182962184578500e+00,1.051853546666065675e+00
5.405757843818643181e-03,3.868712541590794279e-02
-2.193771267387092827e+00,-3.004669271653860330e-01
-2.494647418283238327e+00,-1.682878726857133245e+00
5.105516908369903462e+00,1.762962884509833517e+00
-2.807106780533134005e-01,1.739632078612227128e-01
1.995821707304990866e+00,2.310256464537009613e+00
-4.229234194388865831e+00,-1.815423035384224892e+00
1.387787206876146540e+00,-1.238042187796332128e+00
-1.694860872426144471e+00,1.561068917863249472e-01
-2.313501031804797992e-01,-5.432412427632815621e-01
-6.915387035740829802e-01,-1.725602973350556790e-01
4.913597339394201735e-01,6.157341707136924081e-01
2.283009698512445063e+00,1.618886524192915788e+00
-9.297866508678340747e-01,-3.024890984359235535e+00
-3.855661094980059600e-01,-1.628054374406157745e+00
4.250879307651253547e-02,9.342908037121205878e-02
-7.904180948279589947e-01,-8.493127318204688470e-01
3.138703457410423336e-01,-1.928421172564971087e-01
4.980096232278606871e-01,2.726541691789677646e+00
-7.043835745459017250e-01,5.352510810554780840e-02
-5.152875640718403982e-01,2.197978635246964796e+00
1.840617995517886130e-01,-3.154131173322020643e-01
-5.945049536559575465e+00,-2.536350476880940619e+00
3.745043534398638574e+00,9.289844973288158281e-01
2.989358930624780974e+00,-1.198398231060281649e+00
1.786290432031339970e-01,3.684132049655990393e-01
8.558562028042917547e-01,3.739330375217570501e-01
8.367527635843712008e-02,8.121064123414556413e-02
-1.730686156789926100e+00,2.013722116333359069e-01
9.663669181786975759e-01,1.550062729157106522e+00
-8.743546584287121837e-01,1.064552384552398534e+00
1.831266721237995609e+00,2.360230744689435500e-01
8.713427067216315824e-02,2.022952862895960102e+00
-3.600068465043971599e+00,-3.836385416680728966e+00
-3.819175992012634246e+00,-3.977324768880435180e+00
-9.880483156093308739e-02,-4.116299772392546970e-03
5.597064137638342096e+00,1.561816807706848831e+00
6.998317458626527321e-01,3.907631236904332006e+00
3.502548247577924601e-01,-1.562837526713915626e+00
-1.882514685300859802e-01,-1.511551530415020217e+00
-2.086095753474247250e+00,-2.374327253757422262e+00
4.453852577422656722e+00,1.767062021926654625e+00
-1.736635226602137205e+00,1.117332140264866297e-01
-3.726463955235306713e+00,-3.280319612758445302e+00
-7.570107401073158382e-01,-1.154667078570049132e-01
1.576158003326749046e+00,1.187303029134984200e+00
-2.882675632856634529e+00,-3.826701668464482786e+00
-1.848889333510839394e+00,-8.910751230575935100e-01
-8.044006868167871138e-01,8.673520393088544056e-01
-3.956078836826688150e+00,-3.522599638300883296e+00
1.874508154720722519e+00,6.595312251758096433e-01
2.308451833624739269e+00,1.150389979363020343e+00
6.962597570671125169e-01,-2.828046550735439577e-02
-3.047798700430900620e+00,-5.027280134276325141e-01
-1.102012687019035680e-01,3.860140841362992570e-02
-3.619498049376405735e+00,-1.247458843423438379e+00
2.871545639547528506e+00,1.830980398368354134e+00
1.084907339310544616e+00,1.113663666512537231e+00
-2.795137250223995284e+00,4.434145327775766698e-02
1.601470980702632829e+00,-5.034975371558154666e-01
1.111877514770019948e+00,1.284294173234233893e+00
-1.443498673624841855e+00,-1.868790265655733418e-01
-1.981500980925161859e-01,-8.985443466479926533e-01
1.067172092598817956e+00,-8.017023038112575106e-01
2.298546547588308009e+00,-5.242777175272685941e-01
1.154076330195507039e+00,-2.444247300560560276e+00
6.565014395509777279e-01,-1.380253750104481758e-01
-1.639933998862531106e-01,-6.329240729783960351e-01
4.893161340953579241e+00,3.627515326625891046e+00
4.849216673120531063e+00,2.445103252843056296e+00
-1.449811985076466136e+00,-1.813911836220000184e-01
-2.701865984292892708e+00,-3.629585003256647902e+00
-8.611113650684522058e-01,-8.600940926071590775e-01
-1.962206769055860889e+00,-2.199570278560013747e+00
-1.861476814563051141e+00,1.216510018392097159e+00
9.163874372205743635e-02,1.552171123983285272e-01
3.158453347412704670e-01,1.328080591371521568e-01
-9.593926662358250868e-01,-1.475313631423697813e-01
-3.058662535764125612e-01,-5.128269271943574070e-01
-6.633646047602501650e-01,-2.624666895303417569e+00
2.558697785761585020e-01,-6.280298212946424652e-01
-1.109141867789518593e-01,-3.682696477883861674e-01
-4.711786889293187452e-01,2.602312857227953913e+00
1.558907684320700371e+00,-2.063606060620616134e+00
-5.262646257071809663e-02,5.382276940682291233e-01
5.812430041351090537e+00,4.360555455305179073e+00
7.841570436585787451e-02,-2.600918861008732819e+00
2.775573970524532808e+00,1.762327508591940317e+00
7.109270525880664326e-01,2.098216688542513531e+00
-5.644350921616034800e-01,1.604039983011284476e-01
-1.800722061981419597e-01,1.814436722590611617e-01
-3.064912509072721836e+00,-3.933277344700832900e-01
-4.821403264999131189e+00,-3.602395335048547143e+00
6.430620942076756830e-01,-1.203261567028460099e+00
-9.025943234411718530e-01,2.011324607369417983e+00
-7.637028987171532446e-01,-1.196858954991448371e-01
-3.047933512735689021e+00,-1.927006857518693550e-01
7.660381551796471844e-02,-2.291812197345757252e+00
-2.183494113561804117e-01,-9.937482143854514671e-01
-2.699609376371505221e+00,3.001436483165479882e-02
3.011628940392184539e+00,1.697826877361537257e+00
1.846944776542253308e+00,-3.875084660174556439e-01
2.045997838437113359e+00,3.690635138494322565e-01
2.119274390890874660e+00,1.755376596763123853e+00
-1.728429408247439847e+00,-4.209496483649354026e+00
5.604402676950689610e+00,3.065733609832117068e+00
1.439217189406514885e+00,-1.320941347785102193e+00
-5.556785086684464803e-01,8.287855234276735317e-01
-3.867855947506969816e+00,-3.330162111192075614e+00
-8.239208990176108971e-01,6.822175207822864795e-01
5.679218915684009161e+00,4.136529579610469298e+00
-5.039526994609969890e+00,-1.318152726722511492e+00
3.816046082385468607e-01,6.076526815558598305e-01
3.591528626650201950e-02,1.879811943621171766e+00
7.516083011619081322e-01,-1.505314558013298200e-02
1.952580434792996478e-01,4.570238464957399604e-01
8.027989065883255060e-02,1.837511030946088919e+00
1.758371718523574323e+00,-3.479889444386136121e-01
4.835289927242985897e+00,4.235330930821883832e+00
-1.956430336792214231e-01,2.605154453740206044e+00
1.807793600327275985e-02,-2.025019646085422398e+00
2.919011955239779521e+00,4.594465783516690216e+00
-1.203423159045633239e+00,-6.117289485757464451e-01
-1.977947620443333054e+00,1.437608925570428742e+00
1.385061498758842990e+00,2.910529778744594953e+00
1.850151725412312542e+00,2.473580619793666724e+00
-5.523124458884253407e+00,-2.005094978103980186e+00
4.115648928362189429e-01,-8.077341808219783426e-01
4.048988372928234991e-01,-3.715312106541367454e-01
-2.128288138174763179e-03,1.545682657365352874e-01
-2.420797365760471997e+00,1.360616092606881655e-01
8.229744833835739293e-01,1.045106036661640925e+00
8.065941246450308855e-01,1.411468063717297605e+00
3.543329586813035448e+00,2.835667408529924938e+00
-2.414311951890596664e+00,-2.150128160184185511e+00
6.680364580705541178e-01,6.446357860958658037e-01
3.390355069461169712e+00,4.288187023969933342e+00
-4.132499234238695252e+00,-4.249688253799469351e+00
-9.038343944440797861e-02,-7.345745699786375427e-02
-9.985973692554692693e-01,-8.759694319683889452e-01
5.632118803475679947e+00,4.563382400663090976e+00
-2.036255410745451133e+00,-4.488332417524401041e-01
5.233242548532598404e-01,1.263349324661511064e+00
9.350759239918571275e-01,2.581718010850180337e-03
5.089862688036367544e+00,3.560886974825989704e+00
-2.487529702685776223e-01,2.087678434853482923e+00
3.621938678753935936e-01,2.839402958709124070e-01
-1.451380846662061241e+00,1.591847927830196685e-01
4.126016855696962304e-01,2.495837738348082979e+00
4.419831179338712168e+00,2.888750899838856245e+00
-9.386584015163279560e-01,-9.110253634262090172e-02
2.496265394514552316e+00,4.232851353783978476e-01
-2.482801022924630355e-02,9.189968819706398895e-01
2.738476165301876875e-01,1.023640408902085248e-02
-2.060059635177221085e-02,-1.483063773396117030e-02
1.126826075607255007e+00,3.945677038277493498e+00
-2.626089127339670704e+00,-1.981625327481340015e+00
-2.532057498476596891e+00,-1.432463491609742068e+00
8.986895942828321271e-01,1.761367811770650826e+00
-2.032768382096707960e+00,-7.994505276923524750e-01
-2.166621901846896847e-01,-3.900501686475618679e-01
-5.366152263342048867e-01,2.234501908696835848e+00
-3.297891806498800538e-01,1.508192406841929678e+00
-3.880862853862612649e+00,3.497147290478844761e-01
-2.158627554313053309e+00,4.570502193231608667e-01
4.691305940169736011e-01,-1.735301528118281311e+00
-2.816179820088846153e+00,-2.957043020785527609e+00
1.235719580496970504e+00,-7.612010292116897503e-01
-3.451466773499513252e+00,-7.125194573195520187e-01
-2.110734570653314268e+00,-3.204656218386724653e+00
2.032317301287105415e-01,-1.558012724896879586e+00
3.319639088200327048e+00,9.565816328327279017e-01
-3.283051599707163426e+00,-2.992308662301511824e+00
4.594578217756181360e+00,2.532587326416380957e+00
2.642230038419336235e+00,3.390498228247136758e+00
-3.909959770994468009e+00,-2.679952187046846124e+00
-3.915938596508768299e+00,-4.289235441123525838e+00
-5.364430695151844120e+00,-1.908194320544630784e+00
-2.002145844944549946e+00,1.432237770928555198e+00
-2.977965957364407057e+00,-7.642569434124046879e-01
3.342489138920378133e-01,-8.117711227821344799e-01
-2.374777264629002183e+00,-1.153151013593824770e+00
-3.128371179825144122e+00,-7.303864378082584041e-01
-1.022240533824045228e+00,-1.064651285648831047e+00
-1.810290126962159851e+00,-4.423204440984259023e+00
9.194688179143822859e-01,1.908351615268067292e+00
-3.396721129289252517e+00,-4.049077529702385547e+00
1.294070628841412107e+00,-6.476262107965986559e-01
1.472366493058804737e+00,1.066124074397148958e+00
2.109358010170804931e+00,1.860902968110853095e+00
3.857725089062523649e-01,-6.598853236889881124e-01
-3.502229050431397095e+00,-3.122090149631828737e+00
1.615805073662918367e+00,1.305875535733313830e+00
-4.908987449706216033e+00,-4.411889665258819981e+00
-1.297587685200328744e-01,-5.892509235450867078e-02
1.299017133992305784e+00,3.606462523408548448e-01
6.565495274350796606e-01,3.169099031241439657e-01
6.222205856873869401e+00,4.009738641100680567e+00
4.383751409053172843e+00,7.192650431614178164e-01
-2.521355544048796138e-01,1.076641376532611716e+00
-3.375212769996412732e+00,-3.766151183838307936e+00
-4.043220602291399679e-01,-4.978626479195469856e-01
-1.182425248445255095e+00,-2.039171225396940290e+00
-1.959576908290290742e+00,1.641543752908924292e+00
2.941313971238876945e+00,-9.761145381387729136e-01
2.488837184952907011e-01,2.723426621145597637e-01
-9.140471657932391913e-01,-2.621775279217460342e-01
-3.527368497169907968e+00,-3.900161240787110906e+00
1.746996141331538688e+00,6.269959301257237438e-01
-1.716828502142545787e+00,-1.828890233372260976e+00
5.497118779532375044e+00,2.396193119197597809e+00
-3.292396321871188802e-01,2.121378212793528562e+00
3.092850266197766373e+00,2.127592464102024739e+00
3.635137949489506859e+00,2.873671684037538920e+00
-4.147175261018950509e-01,-3.270788107119758092e-01
9.243452388931913122e-01,1.066408393144867794e+00
-1.032859603067111526e-01,-6.508075515073974415e-02
-1.252980687360061074e+00,-7.631704907870279220e-01
-4.773317753598929514e+00,-7.401744268318883879e-01
1.640996436472096809e+00,1.322562654558447459e+00
-2.501685881296501268e+00,-2.373928739576858682e+00
-2.672916527543976795e+00,1.679292441850376072e+00
2.331331361998956464e-01,1.558114236756522386e+00
-2.166716976678562112e-01,2.155627470588252770e+00
-7.710936758072749475e-01,-3.181706022882163087e-01
-1.619338972555842027e+00,1.362410594625407256e-01
1.944471892757816123e-01,4.030348039734885091e-01
5.458007047324006322e+00,3.747741116786371673e+00
3.115433872506163659e+00,1.873187953076527190e+00
8.438028401738405515e-01,2.366246342324606899e-01
-4.499213703726177904e+00,-3.126033301374062212e+00
3.990836385504231698e-01,1.534075440903616139e-01
1.763265855520128600e-01,4.075835929503711097e-01
1.794108137967049155e+00,-2.153911453378386742e+00
-1.123776382138492735e+00,-1.796124324984725629e+00
-1.301532634148319545e+00,1.261338011163802841e+00
-1.054839324059141159e+00,1.090192311300661077e+00
-9.043143907061107489e-02,-4.018478390728455474e-02
-4.805683515667126038e+00,-4.357814498328277608e+00
-4.355130348962950038e+00,-1.678472716718374169e+00
1.259222268453193516e+00,-2.331414691607828216e-01
2.009569254529609772e+00,1.674449687983879720e+00
1.516347248417567073e+00,1.550030916944117987e+00
1.115793029153517635e+00,-1.610105907173744022e+00
3.641763274838780706e-01,2.377530283757574470e+00
-7.485855339922020679e-01,-3.536552455501319248e+00
5.260367644146013433e-01,3.384749158689384974e+00
1.515096875802264931e+00,-5.240206212575135858e-01
-1.040985367753025859e+00,2.417592895483740012e+00
1.973054621555700994e-01,9.160368787029737891e-02
-3.910748663407506154e+00,-2.053412143448584359e+00
2.262162391819083851e+00,-6.534877248677879724e-02
2.753098408903259298e+00,3.011867918215226148e+00
1.814063258929459188e+00,-8.579101693793391714e-01
6.405570612913260575e-01,3.855075231373028544e+00
2.090238282853007057e+00,2.743771388585557247e+00
-2.011387519273532209e+00,8.689201966107639175e-01
-9.301317951414281859e-01,-2.819218717782611683e-01
3.508680511284087533e+00,-6.110408191180018989e-01
1.160642081675460568e+00,-7.111220216195063282e-01
5.725954489264394737e-03,-3.552749636958608015e+00
-2.262935788478535937e+00,-3.976229783721977995e+00
2.023965606116985061e+00,1.837789347098556458e+00
4.896267678023018988e+00,7.701489056579445824e-01
-1.111050003836132172e+00,-2.962340125542247127e-01
1.740931607926416769e+00,3.406425797888898988e+00
-4.567502524442809353e+00,-2.417513138281957019e+00
-2.186870396157045149e-02,-2.160207792395892668e+00
2.018706373873853543e+00,1.402449841538087716e+00
-3.543840860222083333e-01,-2.647870781812112995e+00
-1.851697407064912371e+00,-2.745758711082715298e+00
-3.059030674343087508e+00,-1.313186835852617085e+00
-1.643189445691036532e+00,-2.853046732705404764e+00
-1.013898730726246367e+00,-1.234817642303826624e+00
1.218328277938639737e+00,-9.197883419947010530e-01
-2.313913180282541671e+00,4.515364391098747876e-01
-1.967390320674373191e-03,-2.481140895798335851e-03
-1.016688349049392759e+00,2.377186681953131320e+00
-1.655426462238762664e+00,-1.728685649550561476e-01
4.522017418303707181e+00,4.032778740765766479e+00
5.971095365368194408e+00,3.325136651385285358e+00
4.265249227217469574e+00,1.566616542425102399e+00
-4.276576737132443129e-01,-2.500805189223236802e+00
-1.645421435291156143e-01,-1.989395451786150737e+00
7.878803541027135093e-01,8.608453378845517534e-01
-2.257716746424521581e+00,-2.919708099687224223e+00
5.921215553173183599e-01,5.606016963776789402e-02
-1.597153761905669489e+00,-6.322374179262558735e-01
1.110697539957849589e+00,1.000979809003478938e+00
2.467127503656554310e-01,6.453485756341303947e-01
3.666392050422192517e-01,-3.839140593536419233e-01
-4.892966017510672394e+00,-4.295123236363112440e+00
1.147877797663680921e+00,-5.802251035979844040e-01
-4.424280679578110331e-01,-2.775994610870972656e-01
3.430403768825707189e-01,-1.801006717226788734e+00
-1.643246472352158261e+00,-3.467122075260024250e+00
-3.921701167444212821e+00,-2.549266197127208589e+00
-1.257304772774161736e-02,-2.500575510454881162e-03
4.228641864853086574e+00,1.978019781371704644e+00
7.572391006788004031e-01,2.462600665159511149e+00
-2.844286969858287772e+00,7.684760996653938747e-01
-2.303051321814322816e-01,-3.381298329289841864e-01
-1.321365981253755040e+00,2.905699124657111776e-01
2.403823636031868993e+00,-9.578045176995068077e-01
-8.547261431357195960e-01,9.066182532939677241e-01
-3.891868888424238726e+00,-1.326519173149247166e+00
-1.576465038089136295e+00,-2.310525407154116806e+00
-3.195710340398206561e+00,-1.284026453668345891e+00
-1.917465501263373673e+00,-1.952406572523563089e+00
-3.987651518860002575e-01,7.053158144470847990e-01
4.376539337467280966e+00,1.990855117116342665e+00
4.495159762364878020e+00,2.194433165421376675e+00
-5.737427515359773800e+00,-1.933273368895204625e+00
-4.208165078529352066e+00,-1.659195469377780174e+00
-1.574762086380664117e-01,-1.684715690515479342e-02
8.774849860040895289e-01,2.177626829340903125e+00
3.083256746580138041e-01,-3.128007141878187403e-01
-2.989049724434057698e+00,-1.294096646709502973e+00
-1.956803852502529972e-01,-5.019574796927829263e-01
-3.069245781950689977e+00,-1.559224628710104810e+00
-3.859597734890657939e-01,7.599023444235561420e-02
3.196956174423995378e+00,3.060330646090048123e+00
1.255667840472780128e+00,2.302008404126985486e+00
2.763889998123279401e+00,1.671819651420753727e+00
-1.405564553348022327e+00,-8.999345365380906347e-01
2.616045249314960519e-02,-1.207613431020407857e+00
-7.448895837610524095e-01,-1.859651685288621348e+00
3.180001917418850077e+00,2.019935850674554167e+00
-1.179175958106517319e+00,5.013283759434422615e-01
1.622266309012729835e-01,-2.713110318780244390e-02
4.653773256611075659e+00,3.716120301148724270e+00
-3.417967602270830518e+00,-3.430164682793662934e+00
9.750683834498257152e-01,-2.154591269851291180e-01
-3.883739867861036310e-01,-8.403904734239357743e-02
-1.519637723446093158e+00,9.576607586047235499e-01
-2.240833764865843847e+00,7.976592908906628976e-01
-5.286961601581380288e-01,-3.074398358215094107e-01
-1.732656142123234044e+00,-2.592960036064035023e+00
2.560505151321569861e-01,3.509509258984841451e-01
9.940502943718480811e-02,5.786665675844663084e-03
-1.377209764133179748e+00,-1.351677348883614904e+00
2.601657488317144828e+00,3.709467964980760479e-01
-1.766130828691157229e+00,-2.938505871786990298e+00
-1.017728453371668174e+00,2.001512085140487951e+00
8.155953964102485854e-01,6.229671508136173097e-01
2.081245473713883243e+00,1.671062440816727834e+00
2.308586875507291136e+00,2.395063736686253719e+00
-2.881609995249336809e-01,-2.331602426037823195e-01
2.680303303711435881e+00,-8.191155562895026110e-01
-1.974330086432351195e+00,-2.182132031152891116e+00
4.800831037527423462e+00,2.078054308710354903e+00
-3.533568602473338149e+00,-2.131720042837645934e+00
3.153678289597755313e+00,1.169632269806967773e-01
-9.083105808173875806e-01,2.019103003559664877e+00
2.801241384911680399e+00,1.057885654918855556e+00
-2.937254817787100011e-03,-1.563964427901752595e-03
2.000669838483734253e+00,9.642090888081524813e-01
-1.379053502508712503e-01,3.393500066765283041e+00
-4.093049158406866006e+00,-1.593099704101341496e+00
-7.292738111730947548e-01,1.697394951371011595e+00
-3.664496812527000547e+00,-4.780213068945169397e+00
-1.021221943566379631e+00,-4.692661259777050065e-01
-1.397572040642242275e+00,2.177395032743051073e-01
8.557927862660411611e-01,2.287892020433913931e+00
-2.367732696917468349e+00,-1.380223219250693800e+00
-2.358296035555686454e-01,-1.379788227711739035e+00
-4.830188166975958097e+00,-1.501938069579454638e+00
5.881445929114581528e-01,5.999276990317411462e-01
-3.133286399209243900e+00,-3.906951960385819600e+00
-1.471364923067030706e+00,-2.502507003878939873e+00
-4.975913512868629596e+00,-2.753079794794008883e+00
-1.065682874761113119e+00,-1.511832482092475782e+00
-3.437149425246356582e+00,8.017199538540701331e-01
-2.046814405665606795e-01,-2.101897139166330586e+00
-1.558758714383997823e+00,-3.909809689704269342e+00
4.996033401726705514e-01,1.573774722694004369e-01
1.061323857119863989e+00,-8.616667884781731290e-01
1.248595016418826198e+00,2.588705764334292558e-01
-2.007242726313972492e-01,-1.953064476800944194e+00
1.566734335927430832e+00,2.691646953283360677e+00
-3.487144486388833897e+00,-2.831991648976197595e+00
4.620247541720546636e+00,3.873129842095345055e+00
2.130077744228572101e+00,-2.072857210167577957e+00
-1.158659253500748942e+00,-2.865184514648273506e+00
3.331414362199572321e-02,-6.113002154530148419e-03
-4.391846954284787330e+00,-6.974235609286674187e-01
-5.932895440253798114e+00,-2.628406891941581502e+00
3.624647534770759183e+00,9.443710971353067585e-01
1.090471137224455545e+00,1.108598927431171610e+00
-3.948031825016282692e+00,1.795379989374819851e-01
2.474016778170203157e+00,-7.341920018865665254e-01
-1.790154972840006353e+00,4.160989727302021324e-01
-3.283377535542456815e+00,-3.982742562337285630e+00
-3.271825624671933053e+00,-1.418670662808020788e+00
3.150989229046766704e-01,7.729644641803908867e-01
4.815334510179732352e-01,3.159303752132618798e-02
-7.205556288020199540e-01,-2.736972177893484570e+00
6.307690671980528130e-01,2.367479180591124943e-01
-6.961771499942404073e-01,-2.702085394264216664e-02
-9.702151156104216190e-02,-3.281928050008908193e-01
1.820793823379042387e+00,-1.350967903327603858e+00
3.214898053057492877e+00,3.334289774813093299e+00
4.424733551352291738e-01,3.337558772412679620e+00
9.706835035053570371e-01,8.914675213967753198e-01
-3.580998273452375841e-02,-2.649531799348512351e+00
1.336118974140682480e+00,3.988662498490852304e+00
3.817784576802401464e+00,1.919673801043816352e+00
-1.275356401740702195e+00,7.140879428029190956e-01
1.690858511600480396e+00,2.525205340257385966e+00
5.500719558056291758e-01,-4.380787138640029332e-01
-3.528090090299690118e+00,-1.730056698649652391e+00
-2.520414333535698326e+00,-1.889532756650459666e-01
-5.749662771137799971e-02,7.712384577570651212e-01
-2.101134473245130696e+00,-3.501594284592127071e+00
3.100826301111910599e+00,-7.611934568928008238e-02
-2.125471599663804945e+00,3.456608846338743435e-01
-5.960511000983548691e+00,-4.423462747108214188e+00
3.140637424245013021e-01,-8.858024121411669505e-01
1.968259462820387551e+00,3.686833346662892641e+00
1.007819037776465754e+00,1.073669023334423711e+00
-2.659924702153551035e-01,-9.871850657544417595e-01
3.413809061440721937e+00,4.005532849262074535e-01
-2.335758699326840215e+00,-1.029021997662649568e+00
5.218018529204121458e-01,-1.218567526189349576e-01
-5.155057921040476776e-01,-3.792182685668548103e-01
1.776420492945866902e+00,3.692187581920651329e+00
4.810133986920477334e-01,8.906351812659834000e-01
-1.022053519421041168e+00,-1.942500073450427411e+00
2.154519037211733767e+00,1.002425796935854985e+00
-5.722239160991781759e+00,-3.721737650144948617e+00
-3.708504535378715161e+00,1.826745461352036193e-01
2.982422445571383030e+00,3.713975600782164488e+00
-4.116851714124511119e+00,-2.142159718072893959e+00
4.376071175391981427e+00,4.453061959040005569e+00
-4.491628588722717197e+00,-4.207525483559843238e+00
-1.473700794362692523e+00,1.110088189286172922e+00
5.861411016281244279e+00,3.915470802174851883e+00
-6.098283766599726263e+00,-3.200745015746205624e+00
-2.016089482750155870e+00,3.432894674681497005e-01
3.461288276290273913e+00,-1.717312958137153234e-01
-2.471562924762483959e+00,-1.204622027900303260e+00
-9.892348335183472896e-01,4.014572530674486162e-01
2.221875111331555352e+00,1.935655256646312994e+00
-2.655897781494744869e-01,-5.146542086067381616e-01
2.112190431738621310e+00,1.235500644479285759e+00
-2.021184774773264081e+00,-2.850799838654005658e-01
-5.074170431156655781e+00,-4.208156839305692287e+00
-6.219336994789691486e-01,2.079226736024890165e+00
-1.090123182738706564e+00,-2.440066064232225274e-01
-1.116531690736063842e+00,-1.211288389003348565e+00
-3.177205151554929330e-01,-1.876373719772969073e+00
-2.076190504425996508e+00,-3.875611564467749570e+00
3.924331901430099911e+00,1.131242425968941978e+00
3.521582752248615389e-01,-1.412750062630876657e+00
-6.989292222075801364e-01,-2.588878106802526613e+00
1.463278421922898365e-01,-2.738926176030624049e+00
-7.349394643500842816e-01,-7.875779753479632550e-01
-4.061859732471376994e+00,-3.273070395081274508e+00
3.414269737651661085e+00,4.806906534478087245e+00
-2.979233449260883515e-01,5.142772776624225939e-01
-9.377596784437552957e-01,-3.954243262075830545e-01
1.014079049941899013e+00,1.000211742544229385e-02
-2.403271613352854885e+00,-9.548990650004578473e-01
4.774567190720761523e-01,8.888846928905494993e-01
-1.805588559400124193e+00,-2.015403757476533553e+00
-5.067892286574141814e+00,-4.651872702398308412e+00
1.350818222051301254e-01,2.439079872813128824e-01
-3.120732583918013336e+00,-2.099651641797507740e+00
-1.148029653028634023e+00,-8.257733838888463296e-02
7.895333984797735516e-01,2.410579035483043919e-01
1.627672156792035807e+00,5.507717802558965703e-01
3.852833573214518026e+00,2.656485716766722405e+00
-4.644942450030967507e+00,-3.605793732547136532e+00
-1.084125097705866070e+00,1.539199217558571142e+00
-1.178953607820487082e-01,-1.829955581767153339e+00
-4.500083079225598165e-02,1.821539686577421657e-01
-6.979073790629719554e-01,7.518035468085181028e-02
-6.828537314665502622e-01,3.809529568099422336e-01
8.471584687246703771e-01,-3.042571535439130948e+00
6.541395865294513320e-03,3.494493147050180184e-03
2.458168379694109174e+00,3.205458080919476593e-01
-2.975012658306200652e+00,-4.541237066646237053e-01
1.521485076117765400e+00,1.215851883334678307e+00
-2.582218582376532456e+00,-1.744279689447453707e+00
1.897301713551755586e+00,-4.051168190175459261e-01
3.088911240382273604e+00,1.861794860267962148e+00
-3.122207371323594494e+00,6.178636655452182103e-01
-2.703349487912499072e+00,-2.334138281350830013e+00
3.267894815000684239e-01,2.657857004061243145e-01
-1.190991367721371041e+00,-1.240764199045396587e+00
-1.005183959639563307e+00,-1.989111536618924703e+00
2.588263746400399690e+00,7.661795482889184605e-02
3.629856148341911393e+00,2.319827533426941368e+00
1.538074430660020184e-02,-1.051443117063444871e-01
4.823592599480151788e-02,3.253352810181958654e-02
6.276639987896841522e-01,3.724992040916935920e+00
-5.901064174205334911e-01,3.277558960079773875e-01
-3.735038319853547506e-01,-1.779165795122510385e+00
1.104767025454076249e-02,1.048832103998740065e-02
-4.118181942275800367e+00,-1.498436423613918267e+00
4.727461009720893337e+00,2.738047996582086530e+00
-1.122564745124370544e+00,-8.241788841711775726e-01
-9.582794457593569737e-01,5.611397991192574874e-01
-3.526257786223867541e+00,-4.771561871360870732e+00
1.687310062952799727e+00,1.962190305463659801e+00
5.504119314666862550e+00,3.868011573515667489e+00
-4.893617477239332048e-01,7.375491590155075494e-01
-2.013594285275815687e-01,-1.007635966361120294e+00
-6.992349197313143527e-01,-3.299624967612444948e+00
-1.352174803350632892e+00,-5.111494706118221432e-01
-1.842437079998854532e+00,-2.299134816457044206e+00
1.106414146669656429e+00,1.828973170071322540e+00
4.523943214644099875e+00,2.704676645399836765e+00
8.433686969524818722e-02,7.393434675461584005e-02
1.091237608887488886e+00,-8.636601096543455869e-01
7.895350601998718520e-02,2.216786474101953619e+00
2.928745556829113195e+00,-2.914144399582240252e-01
-4.351828246213119478e+00,-3.985013072959856739e+00
-4.244669267108153399e+00,-3.125451347894162346e+00
-1.321712524114974086e+00,1.559115995960281387e+00
2.996283869258984822e+00,-1.188882456582024849e+00
1.097241357053312605e+00,1.167816940152220262e+00
-1.147434284243441072e+00,-3.075136743374019765e+00
-7.681426926638359465e-01,6.534412307591349611e-01
1.154592703758526850e+00,2.337393336747618733e+00
-1.420862799408491028e+00,2.456453110603051826e+00
3.820671356892214376e+00,1.137198957248592324e+00
-3.507486300955700464e+00,-4.563490685970033489e+00
-9.291365831361827476e-01,-1.037763583577669291e+00
-2.084679284138947875e+00,-4.180660673399588134e+00
-3.374847982941124425e+00,-2.607422644388888600e+00
-3.034387607061438175e+00,-6.609651451110410969e-01
-5.780991334929345138e-01,5.170119277133487096e-02
-4.935712896277988371e-01,-7.328793557296391370e-01
2.083548914209914837e+00,2.029107127921110365e+00
-3.678865395937027660e+00,-4.806020153757552649e+00
-1.094112693842308026e+00,-1.342169795061873838e+00
4.795086396322548183e-01,2.120451670656764431e+00
-1.338309473047227138e+00,-7.109460398623791422e-01
2.183829561109056350e+00,2.345316328831934527e+00
3.035617320506646344e+00,2.690980937467443379e+00
5.369913752943221930e+00,4.865865695405529046e+00
-3.006828617585823871e+00,-1.474460836427747612e+00
1.178872658482544411e+00,3.119631913393731804e+00
1.136705155403297862e+00,1.505184741648811109e+00
-5.371835366656663169e+00,-2.093787592975412615e+00
4.879950515052974315e-03,1.174860067721471453e-03
-3.356345514038272526e+00,-2.576459449562397364e+00
4.387714242217718663e+00,2.227851581585864160e+00
1.839374992368032258e+00,8.702424000409499927e-01
-1.147773456399262759e+00,-2.333163769403315602e+00
-1.192388688685888321e+00,-5.505937541145302649e-01
3.163760335605036556e+00,2.047951542641027967e+00
1.703031538908666986e+00,2.732805713461763375e+00
-5.662221657300728239e+00,-2.450734630162441974e+00
2.115095220823939304e+00,6.105970642463794951e-01
-2.777530460929054978e+00,-1.295445775765471152e+00
4.534710021831108051e+00,3.042774824428052249e-01
-3.302164583788723462e+00,-1.094022232472577461e+00
1.296257565025737690e-01,-2.634267542243317606e-01
1.988615189602481292e+00,2.071246620164234109e+00
7.412513503106059609e-01,-1.906332805351994786e+00
-1.007569641772865454e+00,5.274185861770777639e-02
-3.421686327231856367e-02,-4.176843161895912003e-03
-1.139034818549989891e+00,-4.014657327213534188e+00
-3.397313140244108798e+00,9.704140899536347620e-01
5.660461321044071153e-02,-5.233738151699195845e-02
-2.372424870340939851e+00,-1.593624630183362090e+00
1.505599788411192907e+00,3.169461549994378124e+00
2.565917782110866519e+00,-5.248931876638993632e-01
-7.832255593097964264e-01,-6.822488088861918820e-01
2.679613842904544629e+00,3.665992363519298136e-01
-3.341721163333110756e+00,9.669879097330758011e-01
3.561110006873336342e+00,4.292736042073423519e+00
-5.747723249919463484e+00,-2.384505327322335777e+00
5.871798643072864365e+00,3.727309530935849047e+00
1.270840297585266399e+00,1.667381446818808843e+00
-5.688437286527164183e+00,-3.316451869388450824e+00
2.773624547430452836e+00,4.594199253010363693e-01
2.165075467090971983e+00,-8.351818494913153534e-01
2.190164938329832445e-01,3.540300390455387580e-01
1.729656190355749468e+00,-1.746925034269307675e-01
9.016929496144322764e-02,1.808114799198499989e-01
-3.085367849361145276e-02,7.588391406610753287e-02
1.268024804773876912e+00,-2.444438212694020951e+00
-2.405224547827020665e+00,-2.329129653416364576e+00
-1.759933192888305298e+00,-6.250339886823541580e-01
-1.782278167570639171e+00,4.795389853294759197e-01
1.317747198578419709e+00,1.759299388307136169e-01
-3.590156012269555830e-01,-5.564262895407110637e-02
-1.945504984484411337e-02,-3.517427414054023149e+00
-4.448595139190568148e-01,-1.228738708222032239e+00
4.484748497631242392e-01,-1.177035014945234215e+00
1.673050033365006239e+00,-1.776995357730357661e-01
4.277580928017301609e+00,2.951262834866431817e+00
-3.125910242677884532e-01,3.538420384437509503e-01
1.004751644533516508e+00,6.766346017798603452e-01
1.892028789374916142e+00,1.947857094892363250e+00
2.912916496364789776e+00,3.157681895450386911e+00
4.091510343457996690e+00,2.612464286175929740e+00
-2.739024650522268733e-01,3.228734298852485862e-01
6.721773901697968012e-02,3.762394942181516294e-02
-1.402819671324591899e-01,1.163952652805331667e+00
2.138978451350802834e-01,2.383107333795666971e+00
3.765443853487587589e+00,2.379745221384676146e+00
1.660774948085050329e-01,1.382201191432708975e-01
-2.252116742405567418e-01,-9.472993816537299272e-02
-6.064768932616120267e-01,-1.119453664871356974e-01
-3.065654925896095673e+00,-1.548562256327101982e+00
-2.984186374784463691e+00,-4.621432252946441110e+00
-2.448287498465154144e+00,-3.016618200129517646e+00
1.459912945634123382e-01,2.068344484472503172e-02
1.098840229568008198e+00,2.708793039960685878e+00
-6.020906300392684374e-01,-2.604671671216279627e+00
-5.001540920774306676e-01,2.149065388460559944e+00
-2.661336059121657271e+00,-3.398057044158347306e+00
1.152157916538255542e-02,5.295230756124715832e-01
-2.423229125240234261e+00,1.318302864706769606e+00
1.166560502631829532e+00,3.380934825354816375e+00
4.686721968935915195e-01,2.798092799691781707e+00
4.415881226619638333e+00,2.807444747023479792e-01
8.724520463658419489e-01,-2.090388537991109796e+00
-5.928689054029407934e-01,1.539139232128353685e+00
-2.022969520219560113e+00,8.770938411755955233e-01
-1.675951675500723326e+00,1.926074551385444256e+00
2.668131557413532473e+00,3.575246020892854926e+00
8.709778024538623598e-01,2.005483623786195047e+00
-2.817812052573297546e-02,9.691374800867392581e-04
2.382622352231313467e+00,9.972699218580955982e-01
4.798320543562821783e+00,2.191798210427604143e+00
-7.118849924976877741e-01,1.658748398164036519e+00
9.985738783382119843e-01,1.169205627419887650e+00
3.468820352644822247e+00,-4.933319274693671597e-01
2.847586536096461618e+00,-1.304153464492393555e-01
3.020420394935001251e+00,9.381516972526642295e-01
1.144575510928018014e+00,3.711330536253367174e-01
1.523545184889277149e+00,1.854639721385283324e-01
-4.796376474296123682e+00,-1.316231571418043256e+00
2.229259299302555064e+00,4.693080271071163323e-01
1.740492277290111023e-01,-1.764028902952689132e-02
-2.496105405446032321e+00,-2.788847403367793909e+00
-2.816647213928750393e+00,-7.735387827420618923e-01
-1.926207801229289363e+00,-1.137331545146670619e-01
-2.515002640537860046e+00,-3.628316512236982927e+00
1.264390450987442183e+00,2.198127155463100557e+00
2.108960224053607391e+00,1.476509660077307773e+00
-3.016754559820292947e+00,3.899198900813827251e-01
1.207772812665617979e+00,2.917078230582880183e-01
-6.182904539578599167e-03,-7.315171426903801892e-03
3.124599745648277249e+00,4.089592774412893483e+00
8.357556960821713732e-01,1.702834956071592964e+00
2.668775409568181711e+00,5.633690334478697048e-02
-5.075586258280080365e+00,-1.166523899087900995e+00
-2.017065234270822405e+00,-3.609289724201616423e+00
-1.095095870021562279e+00,2.545209025234008493e+00
2.557079430203641035e+00,3.035772117436188022e+00
-6.589231477609513998e-01,-7.846493156748626241e-01
-2.998408958384167766e-01,-2.067082374112098719e+00
1.246304731595512916e+00,8.928589366770929292e-01
-3.680873657952523637e+00,-2.101836723496347759e+00
-1.305077161711366007e-01,-2.066068861959675207e+00
2.903511635383020817e+00,-1.079779567656920181e+00
4.250741798417203565e-01,2.229051427354820369e-01
1.810448557273551362e+00,-8.400055513978275934e-02
2.871990223085432614e+00,1.906254281158412667e+00
1.478825078029194939e+00,4.304405946808032901e+00
6.099137538615027943e+00,3.182996650510151682e+00
3.122461618573641129e+00,-8.141787770721778950e-01
2.733293175986247214e-01,-6.706529991235611089e-03
-4.049424774241029978e-01,-6.433843141560124934e-01
-2.341969448715982782e+00,-4.638801006416833239e+00
-7.695484347721581742e-02,-6.518647523234745444e-02
-3.145420877079998956e+00,5.771923917597606701e-01
-2.392726432024534944e+00,-1.277518240493058288e+00
4.849187716557945116e+00,2.961188667202454550e+00
-6.796293416836084456e-01,-9.517122692270128803e-02
6.000710222805676786e+00,3.831057018494745670e+00
2.825886538179659624e+00,-8.048830834491247366e-01
-1.567984048537298392e-01,-8.819148480708264293e-01
-1.322615059612335831e+00,3.623617603430460965e-02
-4.293711645857596793e+00,-1.331212366788950163e+00
-9.000547458342289531e-01,6.866588841896391349e-02
4.091793377191371484e+00,3.700220502243282139e-01
3.470348934273618791e-01,3.009549965563826715e-02
4.488619443931021746e-01,1.281653274652058361e+00
-1.060045416343905256e+00,1.232547333213978025e+00
-1.229297175627451777e+00,-1.159008519509833190e+00
-6.717406324340143842e-01,1.403491859807209474e+00
6.643888085401704613e-01,6.259346349699635992e-01
5.748914368081250448e-01,2.826000040550024295e+00
-2.836750671445038563e+00,3.552845749527225316e-01
-1.012141457219999596e+00,-9.259601848383653966e-01
3.176598125541925999e+00,2.658463672900129193e+00
7.047138403017848274e-02,-2.796446330821962811e-01
-2.460790103204725798e-01,3.780084809034475191e-01
5.773058191561740715e-01,-3.389527244484615287e-01
1.222176101312818730e+00,2.436757831873290758e+00
-1.426418811460904434e-01,3.171732122081929006e+00
2.051628631696436500e+00,-2.074675284772616646e+00
3.822029416274918656e+00,1.981411748725225630e+00
2.702357344551505752e-02,-6.647645695268550314e-02
-2.237712320328897775e+00,-4.280612617565297207e+00
-3.607511574332215032e-01,-9.409621223383169974e-01
6.215673499858151985e-01,8.661901843461995432e-01
1.011532666533813796e+00,2.002902077026442740e+00
-1.061615965700127617e+00,3.700096996782988867e-01
-2.862936493889655321e+00,-1.847172443369585526e+00
-1.856267207952035037e+00,2.076092037764185161e+00
-1.781955511587171692e+00,-3.759657119211648357e+00
1.491719981051426336e+00,1.404068667804950987e+00
-1.535144425037516212e-02,-2.286324444438748493e+00
-1.977910299011688355e+00,-8.916142884059066187e-01
1.091154843709954525e+00,3.417241766109429424e+00
-2.211043737065041329e-02,1.967616994705333189e-02
1.208958568032590497e+00,1.175805911468414289e+00
2.535784198751983354e+00,1.493006607279464992e+00
6.498244969867459364e-01,2.046197866547096123e+00
1.175460848353119441e-03,-1.145380279955467318e+00
3.882423996137768896e+00,2.969296561103195398e+00
-5.708023162783876225e-01,-3.372585499517330554e+00
1.912665317800027021e+00,3.078296426738114544e+00
-2.111411270854690603e-02,-1.888368099163592884e-01
4.677988411855531048e+00,4.861843054583120605e+00
5.304483938646627372e+00,1.207915589999041694e+00
4.369727803538688005e-02,1.870014658938143004e+00
-5.035071484186641300e+00,-2.409474477700234374e+00
-1.661613847123188936e+00,3.879862043610727840e-01
4.594197655055377361e+00,4.571074278472789132e+00
2.166738461392231585e+00,2.315926438451131109e+00
-1.356702457543640605e+00,-9.455305410263155075e-01
-3.256066068425385485e+00,7.647519347203487472e-01
-2.581501303577993234e+00,-2.427771761351244173e+00
-2.792852534077004290e+00,-2.954823257698180772e+00
3.078677513943433919e+00,1.579626284100508427e+00
-4.036627821506612590e-01,-8.501779759912359014e-01
-5.195690279120018573e+00,-4.156808365025531415e+00
1.135528457461784796e-01,5.912897835123043233e-01
-3.653457790739753630e+00,-6.980289813372434482e-01
-4.879295340588566177e+00,-1.376897551859484148e+00
3.388170063202699200e+00,4.156843820559798175e+00
-1.829348479519950776e-01,-1.619743562347484567e-01
-8.709755314837451801e-01,4.124993016292436421e-01
-1.060724997651402574e-01,-8.775275491480169499e-02
-6.282241058760176244e-01,-2.081168659578093438e-01
-2.741754040772470091e+00,-1.605913076254592342e+00
7.045725402768627799e-01,4.023114871284795280e-01
5.354709187454566255e+00,1.810673844644524078e+00
-3.382130842431102513e-01,-1.907309322555226228e+00
1.832270912187209833e+00,2.899784298938385962e+00
4.582868009370635320e+00,2.029884706330591815e+00
-1.444961855887014091e+00,1.002965195478677130e+00
5.364503733792496121e-01,-3.234140810891918821e-02
-5.562306053635362346e+00,-3.408378483648202284e+00
-2.849440368809314172e+00,-2.659210970887845971e+00
-1.217893735867998060e-02,1.363316484911659271e-02
3.466812425955558830e-01,2.587113058539966648e+00
1.606710239366268889e+00,2.323896599067299729e+00
5.728818687633886242e+00,2.316890907583155634e+00
-3.795985654163080092e+00,-1.763023826863543864e+00
-3.800740940272782226e-02,-5.511643666688273435e-02
4.853017184397923067e-01,1.406038503495433689e+00
-2.171289296901588242e-02,1.646441208880480567e-01
-4.925180259309827613e-01,2.557146520448967841e+00
1.607672911063345866e-02,8.329271966620078321e-03
5.072704397789526976e-01,-1.594089531240471036e+00
3.472358186495456689e+00,2.688312810144504628e+00
6.187913460953726325e-02,8.077422423967643983e-01
1.848294119773388422e+00,9.030995709526312698e-01
-3.936935482680102849e-01,1.758220403949283028e+00
4.128131027148109311e+00,7.068171378611801670e-01
5.986227584970644777e-01,-1.233787280496721150e+00
4.050835289898196301e+00,9.987205235548968218e-01
2.142767225948940535e-01,-2.181494977144814218e+00
3.181750470069200976e+00,-7.011692698041358529e-01
-2.103985801021380109e+00,1.056036897366332272e-01
2.432581746168655190e+00,-1.885471502148391654e+00
-5.693090110753271649e-01,-2.391179667769674499e-01
-3.086163124814206071e+00,-2.744186192200288144e+00
-9.472425106641721992e-01,-3.981462433691104752e-01
-1.538568869048978716e+00,-3.692086150441924897e+00
2.847301701174942412e+00,2.013463597499226765e+00
-1.595679125702949230e+00,-2.137465341691218601e+00
-1.175706892765550071e+00,1.079585686001862888e+00
3.733918132041795790e+00,4.464663412380379448e+00
3.916090741354429916e+00,-4.553520682763867455e-01
-3.033244432367592780e-01,-5.309250511733373118e-02
2.275923923145985572e+00,-1.888652355151682338e-01
-1.766335079724903334e-01,-2.558573155574049227e-02
5.905437374254719485e-01,3.012582136661409837e+00
4.613129878867106570e-01,-4.167964938904777927e-01
-4.883729757344871913e+00,-1.382588667836943008e+00
-1.232728993378118476e+00,2.068329139167291442e-01
-1.588802370506597006e+00,-1.371974615683987930e-01
-3.392510614516148326e+00,6.264411680843945396e-01
3.391124775791821144e-01,-5.657649506605755274e-01
1.242444926525180376e-02,-1.143086583821548673e-02
6.056068726726878459e+00,4.087158149457869705e+00
-3.449769209846870743e-01,-4.080752289273788525e-01
1.921312906237169438e+00,1.735964773724174126e+00
2.132032887312209191e+00,4.435936824463034611e+00
4.434033750562670906e-01,-3.148807265733140959e+00
1.477679820595978022e+00,2.798796984344483540e+00
1.506641257465728634e+00,-2.481698703815684581e-01
-3.771755520679310525e+00,-2.785074595861666058e+00
2.794356158832894899e+00,-1.184780390140943940e+00
8.268370970870339010e-01,1.697650703275514206e-01
-2.758924942507847908e-02,-3.947419261098338017e-02
-2.224068482325022966e+00,-3.836335534346388521e+00
-4.923782304352269379e-01,-4.213733717044676474e-01
-3.261440304841157767e-01,2.155425179378934963e+00
-2.209801723993644607e-01,6.604902595079656727e-03
-3.177507552881584818e+00,-2.353640217612300578e+00
3.593529646948496747e+00,3.501021709286463057e+00
1.320700853998883373e+00,2.108954993020645041e+00
4.278545885272716731e+00,2.384251602268661063e+00
3.863668744102060959e+00,3.418307819565733929e+00
1.992836602189857143e+00,2.577169869440099959e+00
7.300148563301099847e-01,1.295437215245614226e-01
-1.430612775449764618e+00,-2.566200484200546139e+00
5.222079245114839452e+00,2.792968456676998557e+00
3.088831132319487693e+00,4.605532958374504382e+00
5.725397463110461160e+00,2.799588022690655098e+00
3.547624408459099321e+00,2.875501559176818933e+00
-1.083923360115318646e+00,-9.329801834912445635e-01
-3.028290827791135786e+00,-1.363078886323216610e+00
-4.699512208298725291e+00,-4.985830236754613232e+00
-3.745530915178409970e-01,4.770941177856162230e-01
-1.709121941227453520e-02,-9.172026288580213335e-03
1.736780106592904938e+00,1.915059120216689559e+00
1.810613275146525925e-01,-3.339605148008678359e+00
1.659652046755613730e+00,1.089372503463840403e+00
1.633628632504025902e+00,1.139088440948222702e+00
3.153747820727787143e+00,2.742183643952147420e+00
-3.412101218548770021e+00,-2.825280958764612826e+00
-5.575828196458004093e+00,-2.548017340380811291e+00
3.717246823664135835e+00,2.642614581569884713e+00
4.734494794269361040e-01,1.288769052685734495e+00
1.537399870847461214e+00,2.365502873092392155e-01
-7.912974786629739521e-01,-3.313028758283418362e+00
3.071859755667465830e+00,2.765783119324022543e+00
-2.173631065289630682e-01,-3.087235637938057775e-01
3.492921376121459254e+00,9.852228718162250320e-01
-3.496291868922670187e-01,1.901826950086912826e-01
4.015453360181069353e-01,3.714429883421482281e-01
9.012291308280681035e-01,-2.277715286893022828e+00
3.936732696369907303e-01,-2.263136197139137273e+00
2.799604890404917779e+00,1.438476802460407322e+00
-3.013799459709498932e-02,-6.477919164372879235e-02
7.292365395036015663e-01,-1.435629059048407097e+00
3.429115099858825566e+00,3.344097935149267897e+00
2.945298399977224424e+00,2.009569939483474066e+00
4.751355106159800279e+00,3.923016364050326388e+00
2.662149417403743001e-01,3.848753036234773411e-02
1.342218733728893332e+00,2.202842003475086852e+00
1.056092859058719746e+00,1.398828172550976356e+00
-3.193300824231039003e-01,1.827882383756941342e-01
-5.287672223755310874e+00,-1.994572164639311529e+00
2.509800878965200877e+00,2.690271503758437266e+00
-5.391144276005783720e-01,-1.913289554002671200e-01
-5.456479021431408505e+00,-4.512645348479972007e+00
1.404634712100499172e+00,-2.343402127660262568e+00
2.227792606234391126e+00,2.988689819623684407e+00
-4.011915783069460062e+00,-1.736558098320595711e+00
1.851211177808300468e+00,7.474339693027843845e-01
-2.393535356162072858e-01,-3.533292281324738937e+00
-2.412954822419431267e+00,-1.830492004489169267e+00
1.227412290252984484e+00,5.792010168181147556e-01
-3.103711103936257931e+00,-4.598955795195489138e+00
5.220361093029985966e+00,6.807192074310825625e+00
5.827130647385033058e+00,4.524018492734768415e+00
1.121083744686360006e+01,3.834040748032915058e+00
7.716098544450940011e+00,7.607773444888727532e+00
-1.244683651670360547e+00,1.034533138228193749e+01
-1.451149564674642178e+00,1.061081212529642670e+01
1.173693027993936511e+01,4.577070870928139357e+00
-2.111225107971906212e+00,1.228566505106314466e+01
9.874091302140008963e-02,1.010596082313677613e+01
8.572148762457292293e+00,5.839127993714150477e+00
2.258073695151258775e+00,1.114433381909045551e+01
7.464496037026254527e+00,7.585452211592057736e+00
8.459993137471709446e+00,1.136552152684106431e+01
-2.700766513805072933e-01,1.285290401233351076e+01
9.546197773619931937e+00,7.536266157072300409e+00
7.521758925042075994e+00,6.574756391259666266e+00
6.607055921414874078e+00,6.923974282144363279e+00
1.186898708524308788e+01,7.341298992601292817e+00
-2.625344255720534647e+00,1.065377124383217833e+01
1.111960686721730340e+01,9.275104740687783789e+00
9.504042097855403881e+00,4.799630019125473268e+00
6.893536937919479080e+00,7.069831756471507411e+00
4.828633601882339477e+00,1.161476007065900085e+01
1.115332315917322603e+01,5.751307220726288527e+00
3.540551041978504898e+00,8.724046477397102706e+00
5.851345852356161004e+00,2.872300564491731656e+00
6.237234368643729709e+00,7.515520255447447617e+00
7.245723292767918267e+00,7.389331419979385807e+00
4.432191864798063818e+00,8.043679123917485185e+00
-2.219269045511811811e+00,9.929659250499708989e+00
8.202585128827660554e+00,7.418887264844641116e+00
6.317847861203263804e+00,8.414236970556270734e+00
8.225648496803838583e+00,2.729948360121682960e+00
1.126689652186565738e+01,9.288874299537695833e+00
8.486724761913206905e+00,9.674345951418800382e+00
3.350350395549976934e+00,7.355691725922361535e+00
-1.733878026119750615e-02,1.461759652356867178e+01
9.075230983371449511e+00,6.156378989424737824e+00
9.596543980179303546e+00,3.740851116300674128e+00
1.120638315285754238e+01,2.721304965869393300e+00
7.988530613551748871e+00,3.242696268372555313e+00
-2.018474664905589577e-02,1.036348366718968173e+01
8.841687947620709309e+00,6.291890586558086973e+00
8.599506311709991024e+00,5.773780331835537183e+00
1.814123250087581241e+00,9.575778245280304191e+00
6.360943184571056008e+00,8.067521293397193816e+00
7.387118310022547263e+00,6.371396207680165347e+00
1.220099917459127958e+01,3.343294063993843768e+00
5.496108136581147718e+00,5.705623535624910758e+00
-8.808987646370427527e-01,8.581318277903999814e+00
3.117897548120543316e+00,1.073945917315187160e+01
1.068663676559808628e+01,9.544201451577720263e+00
5.454768910516561320e+00,6.651287407645265937e+00
-8.142662551281967254e-01,1.013135392336465479e+01
1.032399802029349090e+01,5.078799040324608605e+00
1.625657889732437766e+01,6.302508123866088496e-01
1.508259722853733997e+01,5.288007083928576435e+00
8.195302334611831441e+00,8.677305264627705128e+00
7.008529687786884566e+00,7.056070700780689542e+00
4.368512719234825425e+00,9.982036720777861305e+00
2.129472808231162695e+00,7.390034251076980532e+00
9.460714177728920760e+00,6.075868128976829929e+00
9.402356196563783186e+00,4.727456951524613871e+00
8.275775332240291604e-01,9.849737430267627047e+00
6.830720062599534792e+00,7.760664661583125401e+00
-1.413596656674888763e+00,1.026397809355726665e+01
-9.311405909275327630e-01,1.357902473451891545e+01
1.217077922176613214e+01,4.564187810658534517e+00
6.246763701711396166e+00,4.452316658740411270e+00
6.638288632506485598e+00,9.927788092677149123e+00
6.590399081100088097e+00,8.038631151147351162e+00
7.789552692664115874e+00,5.421958509461539677e+00
7.630282157634153961e+00,9.119002915130764109e+00
5.973608849303229107e+00,8.097353071510413614e+00
2.028703333689966470e+00,1.236356116450757625e+01
-2.317326730250615086e-01,9.573971016794754263e+00
4.169711326189311507e+00,4.567139840547394414e+00
7.362256238157717014e+00,7.131875316157747946e+00
9.396057343263407802e+00,6.074569250335204451e+00
8.022638835179952466e+00,6.510313890957783123e+00
6.677433305971989697e+00,6.289718742456537726e+00
3.361641213242472670e+00,7.419950076290512619e+00
6.991195932087807208e+00,7.045836456972915940e+00
8.482489211218904757e+00,5.541179842438058500e+00
-2.205102576786396540e+00,1.240528788936964588e+01
1.474605068120677132e+01,-4.233420464466517430e-01
7.098542396597408377e+00,8.868700665244043435e+00
3.333325677193410108e+00,9.051389061040373107e+00
4.363667532320669729e+00,5.721547249399846713e+00
1.187170834225881322e+01,6.464276911683409566e+00
8.521583337832890237e+00,4.904454359902148397e+00
8.781872580992819977e+00,4.183237033669486848e+00
7.768637950646441581e+00,4.233899401752355018e+00
6.906332808035078763e+00,7.003906085245956703e+00
-1.501020301470692431e+00,1.289689903333700016e+01
4.165216598746494192e+00,1.288790958124022623e+01
1.268399521107303940e+01,3.111565586039228837e+00
9.606961230145124375e+00,6.243292705823068722e+00
1.400067540100811314e+01,2.190660438442115776e-02
4.836077877722598117e+00,7.916440021104149238e+00
1.260158260236753947e+01,2.672293200874380048e+00
7.819748169370644320e+00,1.137525452937588000e+01
-3.805596943918843067e-02,1.230135233647204274e+01
3.018297639286409595e+00,1.081349321368321981e+01
3.705630096222630510e+00,9.175728325919294548e+00
7.734518118878435544e+00,5.458703122142407160e+00
3.912241342167311675e+00,7.750902958429791489e+00
6.791317144698682640e+00,7.402503596776197625e+00
4.520163485816559579e+00,4.469549572438962670e+00
4.375558475994978380e-01,1.349822712677128678e+01
1.004422542105578131e+00,9.800568398065470532e+00
6.865843325910254258e+00,7.086281263310125311e+00
1.290800819431140134e+01,5.311328220516182697e+00
5.730920549459654900e+00,9.030510421424750689e+00
3.039307208564419938e+00,9.909554500989900205e+00
2.277100697346474689e-01,1.351470819516115718e+01
5.642253883331896702e+00,7.699270481701866231e+00
7.650441838051750487e+00,5.147996218203124030e+00
3.858499470334926240e+00,4.967198480404565686e+00
9.499805989227596115e+00,8.143941814864456674e+00
5.994270018538847111e+00,8.048393372880237706e+00
3.471248132866468605e+00,8.078030483868225531e+00
2.893762864409402447e+00,9.758071746321743234e+00
8.144892665211656890e+00,7.244148655928819736e+00
1.076346569324823221e+01,2.902381118742716204e+00
1.249749227486937997e+01,6.385109107225304115e+00
9.769880676864437064e+00,5.684992280941113307e+00
5.824330371072897528e+00,1.281547052586828173e+01
1.880108562773099123e+00,7.951289947015680148e+00
6.598377764666683021e+00,1.008625341632473393e+01
6.157194575387610946e+00,8.457517807283965183e+00
1.244374437489091711e+00,9.119370252148438993e+00
1.835868313376085581e-01,1.138410653725150112e+01
3.288550699080985851e+00,1.227814845073115002e+01
1.994222479735539011e-01,1.106150088729477332e+01
6.539693312470966191e+00,6.704668416247757001e+00
1.299764579763829531e+01,7.561098571938837942e+00
1.121999495121979251e+01,4.486801056734627480e+00
2.398804829230707369e-01,1.398550476763569961e+01
3.913200055479397310e+00,8.340763437058171803e+00
3.814920706105037862e+00,8.199449482449574944e+00
8.998526301457282273e+00,9.543165466238994199e+00
8.173466458446675631e+00,7.747865828351998552e+00
1.172718060622444014e+01,3.269241356408177257e+00
7.523046976179003309e+00,6.536940604309016578e+00
4.974730993243598576e+00,5.786201407732422197e+00
5.667113043677098005e+00,8.670902001673360004e+00
1.045151402355460846e+01,3.079441765985821533e+00
2.705813703019499528e+00,1.209005661985460023e+01
5.132986234308719808e+00,8.967226572855073741e+00
1.532114190423069999e+01,1.608640072998925419e+00
1.452410111574765850e+00,1.145983347364282245e+01
7.432344555414021947e+00,9.784399341191114985e+00
1.026214272424500429e+01,3.965013073377194885e+00
2.532170715705195363e-01,9.207839865976385596e+00
-2.511153877503573995e+00,1.227892751573745223e+01
6.019007847899914943e+00,2.692298007322944109e+00
8.150411723020393850e+00,2.856627054328926718e+00
6.100002110436490099e+00,7.054022227683470980e+00
2.549910131514695699e+00,1.172191634474995681e+01
3.383051910414902608e-01,1.003532834408274788e+01
6.522802587305071675e+00,7.283632952475104894e+00
8.114617727185340357e+00,7.406042094888221072e+00
4.749781352906673249e+00,7.665759432042285937e+00
8.033878118862590512e+00,5.562446680835174462e+00
5.300697959503310130e+00,9.087419036310869558e+00
1.310158463398442663e+01,1.822125948419655472e+00
-1.976716084426790587e-01,1.374434809802881219e+01
6.401246348545349463e+00,7.360988118792649360e+00
-2.567335014049868747e+00,1.040099070176081852e+01
1.381638808299071641e+01,2.091871808415055156e+00
3.858991690729855595e+00,8.727573018034275876e+00
-1.816694125760225376e+00,1.130546189105687915e+01
7.183346898919393375e+00,6.480798943462219519e+00
7.003346715537231759e+00,6.999405005378761757e+00
6.109129816097345511e+00,7.969940948889090215e+00
1.489817709310371541e+01,-7.699062226285846577e-02
5.292715134784317321e+00,7.207952886216164146e+00
9.608183400052908496e+00,6.713036294943011129e+00
8.541158463967645886e+00,6.832018717719836154e+00
4.026917562079342261e+00,7.824516483391539268e+00
1.243191149963642772e+01,1.932796387347807787e+00
1.120055355485406423e+01,3.759174977566201559e+00
7.258511102063179621e+00,3.159097125032493736e+00
1.689809176660784118e+01,1.616762603874946080e+00
7.246916398209446442e+00,6.575855018645300198e+00
5.949965971890645022e-01,1.335622917959241107e+01
7.682353118230045297e-01,1.165990998847768800e+01
8.632826011843413028e+00,6.411868875602991125e+00
1.678270314537646613e+01,2.857891456608664171e+00
5.196967390293226075e+00,7.711909038020268170e+00
1.114789902416620393e+01,2.484859070568157691e+00
6.417977304581622633e+00,7.670087129720541519e+00
3.640151322914940479e+00,9.892733085928474779e+00
1.064855855952619734e+01,4.501940232594154878e+00
5.690619115286951413e+00,7.531682764707221089e+00
6.152550153312609460e+00,8.705969710051412846e+00
-3.077105528828111503e+00,1.276068938069937175e+01
7.682881852941812362e+00,3.037827425076144561e+00
6.809410861795361036e+00,7.789372995940497368e+00
6.334815582495622266e+00,9.422388170213144676e+00
6.240262226518613176e+00,1.231641803701899107e+01
3.985666887971922367e+00,4.155738645921047691e+00
7.000182773282203286e+00,2.481062646214940770e+00
1.249417947876255575e+01,7.763929957139354521e+00
7.104606766398665840e+00,9.301215068208154690e+00
2.569496727100339051e+00,1.277979765793768507e+01
7.954757840170493033e+00,7.239310488150410450e+00
2.408189665193759765e+00,7.948031016602336685e+00
2.672661314696363810e+00,7.290820683566105131e+00
1.396829671986927224e+01,-5.493512408690435223e-01
8.605790907209085461e+00,5.890025982608303678e+00
1.190983337182552049e+01,2.623077123912291420e+00
1.309792494948261776e+01,5.057902395191339551e+00
1.672726714719667029e+01,2.855968007879261528e+00
2.709357342704043603e+00,6.258259887374514996e+00
8.569063801752273335e+00,7.263392264281348432e+00
8.870372903160667732e+00,1.617611864881422612e+00
4.030183745218549163e+00,7.549119621353256981e+00
1.539551948095100542e+00,7.079799098116490441e+00
1.331377839147615028e+01,4.905647411727453999e+00
1.491338081850319952e+01,4.398833950426006112e+00
6.416526095688200648e+00,7.039816994577929421e+00
4.927082330763870033e-01,9.246524145113195203e+00
1.226315270598863094e+01,2.496353124691059300e+00
8.754266461349804018e+00,6.199336939151556258e+00
-8.935970294155621829e-01,1.118638599726701877e+01
7.000423177353146009e+00,6.922208872007803215e+00
6.669635967704243384e+00,8.255005999500856007e+00
1.059342236022640193e+01,4.766507605028882821e+00
7.414835385038158755e+00,7.582290405919380305e+00
1.118179561121880106e+00,1.297472412057608437e+01
8.220038055697804324e+00,1.598751597143241554e+00
5.482190784041412357e+00,6.895471434087355966e+00
6.846890794073993369e+00,6.885305018542061894e+00
3.697041981272088051e+00,4.317487244620135556e+00
1.545917255970011794e+01,1.448278118603126607e+00
1.350966283749429664e+01,2.941828747743405081e+00
1.475961395482742944e+01,5.985291611097670383e+00
5.512155792236340446e+00,1.037339450324374823e+01
1.003305464397752367e+01,2.815927404851751525e+00
1.405210612759135103e+01,2.460291657380773600e+00
8.154012433296932372e+00,1.105436536735976460e+01
6.542378077936141345e+00,3.603530800751050478e+00
1.268159554833532532e+01,5.157966627812808902e+00
-2.522847617787263630e+00,1.022393603415408947e+01
8.437949971496697898e+00,7.790548365917058682e+00
8.599173400626304087e+00,6.019737615889473759e+00
4.374793915498676355e+00,7.486952025624925788e+00
1.121666776220884998e+01,4.243121397014682827e+00
4.229042732618155220e+00,8.402760205654576708e+00
4.010265632447090667e+00,1.206988364765319233e+01
1.175429110730907567e+01,5.521483956675672822e+00
2.569203142361637937e+00,8.688099657783036278e+00
1.498230086257589022e+01,1.875284249669514125e+00
1.169058568089361572e+01,2.802551025651847993e+00
3.158066746483457976e+00,1.046670940966372498e+01
2.414753175146396202e+00,1.043762902330933784e+01
8.859912960918872926e+00,6.728940460410518298e+00
1.417273864867567745e+01,5.731121736006658196e+00
7.681177578776113180e+00,8.350904858943016151e+00
6.875137282212921086e+00,7.493185607829245143e+00
2.532434433633098614e+00,1.175819221604474762e+01
-2.551598759423871599e+00,1.078545430735220911e+01
3.853218941606026959e-01,9.389530091882008378e+00
1.202660092861967733e+00,1.105511939614920180e+01
1.231202779344269693e+01,2.523876381496142685e+00
7.217143558409756743e+00,2.403940605251458251e+00
1.587775487273334463e+01,-2.754908106922764333e-01
5.441288063740801206e-01,9.127450329526505257e+00
-2.994598245250079671e+00,1.265863171884888772e+01
4.005536905305231876e+00,5.015613782716133784e+00
9.046729522732469775e+00,1.052384261080779204e+01
5.804558511944851062e+00,5.750603569292582762e+00
8.134909134466363767e+00,6.655529987070865516e+00
8.075081095788950947e+00,8.590077668956451973e+00
-1.482205427390397290e+00,1.177675907635097019e+01
3.028183593658041239e+00,6.547743865900960358e+00
5.274690139069903694e+00,8.284558597704501537e+00
4.272215836651805709e+00,4.461825864957287280e+00
2.559183315622442834e+00,8.994116244874531318e+00
3.843333264247632108e+00,7.750661226582831631e+00
1.076169902287773539e+01,2.193698446333653962e-01
8.727261866402539425e+00,3.168355104563846503e+00
6.713978665104856525e+00,7.525801285554582165e+00
1.232120529825420263e+01,5.952008490499072657e+00
1.655229267341075783e+00,1.422801585453040829e+01
5.395697505586038112e+00,1.214122498373732384e+01
1.439076525334093049e+01,1.055963565024432782e+00
8.281434463065396656e+00,8.881758573504040299e+00
1.243435536819377774e+01,6.834599053819089498e+00
1.022525136343393370e+01,9.710918757044437299e+00
7.368623739137968975e+00,7.121320578807125656e+00
6.184518176848740723e+00,5.105861427901587923e+00
8.057290911480128770e+00,7.458585171754190668e+00
-1.414870895722820876e+00,1.332489606187199271e+01
5.964193817566775024e+00,8.105193163638542586e+00
9.328537647843500480e+00,2.582720966571809385e+00
7.568971820655231220e+00,7.164009792524003828e+00
4.666528661391422084e+00,9.492351628021561183e+00
5.670616040300369143e+00,7.178604338750298908e+00
9.703522734671045313e+00,5.447425655558211233e+00
6.794592568945899913e+00,6.506416467464595677e+00
1.263659982836137630e+01,6.356088009616290613e+00
1.204733491110196653e+01,7.305028312110636968e+00
1.536696970420495667e+01,1.161608508696847508e-01
5.595750550016368230e+00,7.858575246379747803e+00
4.895082445574342245e+00,7.894126946843272208e+00
8.920839754509053421e+00,6.458134709802445528e+00
1.457670659818698411e+01,6.187951682255264707e+00
1.512400998402256391e+01,2.159465674817182546e+00
9.239005930917215892e+00,4.311743093540266969e+00
5.505135210119289191e+00,7.685009448830129486e+00
7.249010219977150449e+00,3.427506665903055527e+00
8.795494072904990190e+00,8.440731044604223854e+00
1.047032228937407794e+01,9.774001690976316326e+00
6.930304016525723476e+00,7.349893613297592054e+00
2.445792455959516332e+00,8.052963214884572452e+00
9.191514686035189285e+00,4.675992960912433105e+00
6.228789026352218983e+00,5.859494406457677940e+00
1.469858440159718782e+00,8.772865612729528806e+00
1.490826378299273003e+01,1.045416483445105627e+00
6.979104209620459187e+00,7.064564028179749933e+00
3.888960054846011261e-01,7.591081038991274177e+00
2.875424880398371741e-01,1.048090107743533750e+01
1.436826480812132267e+01,1.982167125357549686e+00
4.477669500165646355e+00,6.514196735934065785e+00
7.214275731715761530e+00,6.295779753951846303e+00
6.736618427746244642e+00,7.065236114471595386e+00
3.529047486053594085e+00,1.175454271737804213e+01
3.325625989425097018e+00,8.921298476136259481e+00
4.272814251117392104e+00,1.293512234511213421e+01
1.077132797581224111e+01,5.394663571334483265e+00
7.456156164936331265e+00,5.378136040858910505e+00
1.506991137749542631e+01,3.969488025794759345e+00
3.866315511162685237e+00,7.317576823258969299e+00
7.837965622840092017e+00,6.920225216933372892e+00
-2.191189039260917681e+00,1.235897940967582009e+01
5.907714635968907224e+00,7.782120026958554426e+00
4.959124272488353746e+00,6.689420835612460259e+00
7.319348210340939076e+00,7.030098323533111149e+00
2.858986737275674095e+00,9.174602914639883977e+00
4.886983579210959050e+00,1.114595868985598415e+01
5.937427762535120834e+00,1.140029700223661457e+01
1.341175519614138878e+01,2.677564884332191752e+00
6.737846249913490126e+00,7.122068108240385165e+00
6.035499454699879252e+00,8.588799927383737653e+00
6.472058492692995380e+00,2.662858010380200646e+00
1.178443329304490739e+01,4.112210840146239832e+00
1.506390864749030278e+01,3.762330611784371559e+00
5.217858563772326264e-01,1.105362461281172592e+01
5.480918850499444162e+00,6.752815104288370840e+00
1.190609159635840086e+01,7.370170548512679609e+00
5.669024345250591956e+00,1.059000182983939808e+01
1.607231098276834302e+00,1.190510751911160980e+01
5.845623400885085807e+00,3.933062530724097172e+00
5.347532091666316489e+00,7.131835876631308579e+00
5.377328579744277803e+00,7.894028296313265969e+00
1.610977849706649145e+00,6.291872533051740213e+00
6.629190081566509463e+00,1.137841017352217676e+01
6.548851182266465010e+00,4.818525231326908909e+00
1.313821572829313844e+01,1.879014893218124982e-01
1.406635683084860489e+01,6.064847027396756296e+00
9.352075042786518466e-01,1.423390278546169441e+01
2.474294182086014260e-01,1.221085718766512684e+01
4.313842344744967860e+00,9.128232735221551764e+00
1.315357249531052730e+01,3.434476507940182888e+00
1.258773869525013467e+01,4.749845985925407632e+00
7.404114614306970488e+00,6.253344079921624221e+00
5.237240093103111782e+00,1.184132091066535963e+01
7.248191155208745684e+00,6.158250832092871718e+00
5.359396415338849806e+00,1.210057584610409975e+01
3.872206794688475284e+00,1.330482725098256402e+01
5.564058255812192044e-01,1.259706104392600068e+01
3.738666254373204101e+00,8.742357993769616087e+00
1.335371130037979626e+01,8.270845926572985007e-01
7.526835817595524780e+00,6.091971955452192056e+00
8.670178182280547929e+00,9.553235464519588049e+00
1.032651800342672388e+01,4.963545595923044118e+00
9.657791791702235784e+00,4.129488489041906796e+00
2.007689759134274610e+00,7.804275835726102173e+00
9.711295674774513387e+00,6.012358107576980082e+00
6.369499707043241976e+00,7.206596508485580088e+00
4.980559513548730166e+00,5.562507312854972241e+00
1.075529517953249403e+01,5.083861207801303017e+00
4.239819231451183335e+00,9.914937367347647523e+00
6.647902152784466168e+00,7.027477302362036049e+00
2.789423997553661216e+00,1.016281794116084924e+01
7.320657155240198222e+00,6.939350410871506725e+00
7.021388791341374613e+00,7.438338007800500584e+00
4.729334482158709996e+00,9.059762176955890922e+00
3.890251078867912771e+00,1.187453985149978664e+01
7.766268783468548875e+00,5.040765919607832046e+00
8.070776664967521441e+00,4.113212182020223651e+00
8.701613765935194422e+00,6.998681922742908235e+00
9.137029952444827074e+00,8.435550374561602283e+00
9.221828979713887264e+00,6.099161960770921986e+00
1.198169425557816758e+01,4.251905697594164479e+00
3.974641771633459442e+00,5.275369679215205387e+00
1.308127341326215998e+01,1.926848033571188168e+00
1.101695913684981321e+01,1.745199137060791550e+00
7.498374633090812758e+00,6.530771808383313726e+00
7.007635819666649724e+00,8.572039634051867196e+00
8.912067049578187294e-01,1.362213831179140300e+01
-7.171330752366333883e-02,9.352058936792820631e+00
6.574898149775830092e+00,6.696763579032623426e+00
2.086622140908361622e+00,1.088331460236352832e+01
-1.450277445882393934e+00,1.024769293861076491e+01
7.097223628911955906e+00,7.931104210193085535e+00
4.746764076927789233e+00,8.346119563763341631e+00
1.013160681179269496e+01,6.115073481258004762e+00
4.021239244988015216e-01,1.217005259826536623e+01
-1.439623489201697026e+00,1.161255259330577161e+01
5.763923055512258031e+00,6.219113887713137778e+00
4.544338564323586738e+00,8.209020582010223777e+00
3.020365909194037801e+00,5.519347531709936305e+00
1.853380539604283506e+00,5.653070478376664987e+00
-1.798147973377604458e+00,1.440958457971299289e+01
8.243409413733115088e+00,7.294966198820396208e+00
1.079630963352320627e+01,4.929740740834464674e+00
9.275141918003660280e+00,5.006804858337866371e+00
4.783636332438336858e+00,3.794778913514766483e+00
3.795910971996110383e+00,9.781331681931659361e+00
1.717697690272427025e+00,1.096726833518082067e+01
6.220428861352492511e+00,6.737826626436666189e+00
4.368356233032955060e-01,8.916616952993821954e+00
7.433842334916985983e+00,6.827462310137025980e+00
7.916140169648929081e+00,6.304029390765402141e+00
4.924147938105408073e+00,8.762706605871747101e+00
8.408479267305317251e+00,5.568521437405268948e+00
5.477324558104124108e+00,1.122447701892887650e+01
5.659058886033259128e+00,8.077027520356679702e+00
8.569051836658600152e+00,7.204565184542250478e+00
9.116530802013528501e+00,1.095622954192004173e+01
9.998662446553094441e+00,1.322371649972972740e+00
1.639841905610944117e+00,7.706388092309291338e+00
7.050609816368730520e+00,6.899519895866728092e+00
1.223704134941917765e+01,5.167457230518241573e+00
5.023282722866095895e+00,1.145727169971013737e+01
3.874951750259042260e+00,8.767302211050035154e+00
2.730064182711525511e+00,8.431242530521265266e+00
1.112522872781591055e+01,4.653129240569148450e+00
1.142683343537323637e+01,4.818388775000670421e+00
5.303982773479725132e+00,7.672802539958809120e+00
1.674223807246497664e+00,7.077077117296839859e+00
6.734626458017585193e+00,7.773897657182489596e+00
1.251498303104369114e+01,3.911679930432938157e+00
2.628596836518455326e+00,9.955969292316124708e+00
1.366719702844211604e+01,-9.702099684729592610e-02
4.775754330833413164e+00,9.240498592162719405e+00
4.427606421528977876e+00,7.467603057822805646e+00
1.179427730444803046e+01,4.180356636633204559e+00
1.030458768922079571e+01,6.978763191618032380e+00
7.620212249223988543e+00,5.075786216857074429e+00
9.302981907788520743e+00,7.672219886566668201e+00
6.753142092571695621e+00,5.952947218367823368e+00
7.743063022077432578e+00,5.957197856314502715e+00
1.046128982663124418e+01,5.158036196533473117e+00
1.425393456784308910e+01,6.791234160535883468e+00
7.150043700117985068e+00,8.168992342969058740e+00
8.216237668630798296e+00,1.332974474752885996e+00
1.120669182245920936e+01,3.295939368871722230e+00
6.918937918899007222e+00,8.660168818277327318e+00
1.133198761988004577e+01,8.198470125441698286e+00
1.367196867445616704e+01,4.864206559982106270e+00
1.288533544868900549e+01,5.402212874388613528e+00
5.872956862873239814e+00,7.958326524803546853e+00
7.070461433908911353e+00,7.363371289254951435e+00
4.668292248737120786e+00,6.631318158754471170e+00
2.808195101539487482e+00,8.904380285011180618e+00
4.083822792645724675e+00,7.199639021110519899e+00
9.908316128865930494e+00,6.960599934183292703e+00
-2.157201400421806525e-01,1.426540051613558191e+01
7.550091742930405303e+00,3.007590777034270246e+00
6.479968976650354762e+00,6.262127337909032754e+00
8.153861458682714058e+00,7.060086614098489477e+00
8.726945351525955630e+00,9.974030380203773305e+00
1.255231870979594433e+01,6.190657541791076746e+00
8.523677673477784822e+00,1.082225301168868903e+01
7.098549811392118158e+00,6.794004050117639082e+00
6.657408159049483132e+00,8.008013132218994912e+00
5.459853834916783555e+00,1.159650506022621741e+01
2.859305664669462566e+00,9.323370896248055928e+00
6.112557543481712763e+00,6.013755894342922126e+00
8.346109527154354168e+00,2.245270712331556062e+00
-6.418305550258551762e-01,1.104135981890576090e+01
-2.931255358858964044e+00,1.303638343817215706e+01
7.449113598735872976e+00,7.247127951118726763e+00
1.292782660521544891e+00,9.125490279072730360e+00
1.332518727951023152e+01,-6.301637989402397722e-02
1.098845393799630799e+01,6.248320004255429438e+00
1.050866942029523976e+01,4.307662733650166942e+00
9.148533586839937115e+00,1.034056403570609639e+01
5.936634565588249757e+00,7.815690238315265326e+00
7.813741259239279202e+00,9.233514097237163654e+00
1.997831636833307556e+00,8.415714919120082627e+00
4.402900018156282513e+00,4.612297400386488277e+00
6.313358275703921052e+00,7.291426813443963262e+00
1.136790320041660607e+01,9.034678047983746296e-01
3.647453223224689900e+00,9.684014122573394445e+00
